timestamp,inlet_temp_c,outlet_temp_c,pump_status
2026-08-03 14:07:43,34.31,32.13,OFF
2026-08-03 14:07:44,34.31,32.06,OFF
2026-08-03 14:07:45,34.31,32.13,OFF
2026-08-03 14:07:47,34.31,32.13,ON
2026-08-03 14:07:48,34.31,32.13,ON
2026-08-03 14:07:49,34.31,32.13,OFF
2026-08-03 14:07:51,34.31,32.13,OFF
2026-08-03 14:07:52,34.31,32.13,OFF
2026-08-03 14:07:53,34.31,32.06,OFF
2026-08-03 14:07:54,34.25,32.13,OFF
2026-08-03 14:07:55,34.31,32.13,ON
2026-08-03 14:07:57,34.31,32.13,OFF
2026-08-03 14:07:58,34.31,32.13,OFF
2026-08-03 14:07:59,34.25,32.13,OFF
2026-08-03 14:08:01,34.31,32.13,OFF
2026-08-03 14:08:02,34.31,32.13,ON
2026-08-03 14:08:04,34.31,32.13,OFF
2026-08-03 14:08:05,34.31,32.06,ON
2026-08-03 14:08:08,34.31,32.13,OFF
2026-08-03 14:08:09,34.31,32.06,OFF
2026-08-03 14:08:10,34.31,32.13,OFF
2026-08-03 14:08:11,34.31,32.13,OFF
2026-08-03 14:08:12,34.31,32.13,OFF
2026-08-03 14:08:13,34.31,32.13,OFF
2026-08-03 14:08:15,34.31,32.13,OFF
2026-08-03 14:08:16,34.25,32.13,OFF
2026-08-03 14:08:17,34.31,32.13,OFF
2026-08-03 14:08:18,34.31,32.13,OFF
2026-08-03 14:08:19,34.31,32.06,OFF
2026-08-03 14:08:20,34.31,32.13,OFF
2026-08-03 14:08:21,34.31,32.13,OFF
2026-08-03 14:08:22,34.31,32.13,OFF
2026-08-03 14:08:23,34.31,32.13,OFF
2026-08-03 14:08:24,34.31,32.06,OFF
2026-08-03 14:08:25,34.31,32.13,OFF
2026-08-03 14:08:26,34.31,32.13,OFF
2026-08-03 14:08:27,34.38,32.13,OFF
2026-08-03 14:08:28,34.31,32.06,OFF
2026-08-03 14:08:30,34.31,32.13,OFF
2026-08-03 14:08:31,34.31,32.13,OFF
2026-08-03 14:08:32,34.31,32.06,OFF
2026-08-03 14:08:33,34.31,32.13,OFF
2026-08-03 14:08:34,34.38,32.06,OFF
2026-08-03 14:08:35,34.31,32.06,OFF
2026-08-03 14:08:36,34.38,32.06,OFF
2026-08-03 14:08:37,34.31,32.06,OFF
2026-08-03 14:24:47,29.25,28.94,OFF
2026-08-03 14:24:48,29.25,28.94,OFF
2026-08-03 14:24:49,29.25,28.94,OFF
2026-08-03 14:24:50,29.25,28.87,OFF
2026-08-03 14:24:51,29.25,28.94,OFF
2026-08-03 14:24:52,29.25,28.94,OFF
2026-08-03 14:24:53,29.25,28.94,OFF
2026-08-03 14:24:54,29.25,28.94,ON
2026-08-03 14:24:58,29.25,28.94,OFF
2026-08-03 14:24:59,29.25,28.94,OFF
2026-08-03 14:25:00,29.25,28.94,OFF
2026-08-03 14:25:01,29.25,28.94,OFF
2026-08-03 14:25:02,29.25,28.94,OFF
2026-08-03 14:25:03,29.25,28.94,OFF
2026-08-03 14:25:04,29.31,28.94,OFF
2026-08-03 14:25:05,29.25,28.94,OFF
2026-08-03 14:25:06,29.25,28.94,ON
2026-08-03 14:25:09,29.25,28.87,OFF
2026-08-03 14:25:10,29.25,28.94,OFF
2026-08-03 14:25:12,29.25,28.94,OFF
2026-08-03 14:25:13,29.25,28.94,OFF
2026-08-03 14:25:14,29.25,28.94,OFF
2026-08-03 14:25:15,29.25,28.94,OFF
2026-08-03 14:25:16,29.31,28.94,OFF
2026-08-03 14:25:17,29.25,28.94,OFF
2026-08-03 14:25:18,29.25,28.94,OFF
2026-08-03 14:25:19,29.25,28.94,OFF
2026-08-03 14:25:20,29.25,28.94,OFF
2026-08-03 14:25:21,29.25,28.94,OFF
2026-08-03 14:25:22,29.25,28.94,OFF
2026-08-03 14:25:23,29.25,28.94,OFF
2026-08-03 14:25:24,29.25,28.94,OFF
2026-08-03 14:25:25,29.31,28.94,OFF
2026-08-03 14:25:27,29.25,28.94,OFF
2026-08-03 14:25:28,29.25,28.94,OFF
2026-08-03 14:25:29,29.25,28.94,OFF
2026-08-03 14:25:30,29.25,28.94,OFF
2026-08-03 14:25:31,29.25,28.94,OFF
2026-08-03 14:25:32,29.25,28.94,OFF
2026-08-03 14:25:33,29.25,28.94,OFF
2026-08-03 14:25:34,29.25,28.94,OFF
2026-08-03 14:25:35,29.25,28.94,OFF
2026-08-03 14:25:36,29.25,28.94,OFF
2026-08-03 14:25:37,29.25,28.94,OFF
2026-08-03 14:25:38,29.25,28.94,OFF
2026-08-03 14:25:39,29.31,29.00,OFF
2026-08-03 14:25:40,29.31,28.94,OFF
2026-08-03 14:25:42,29.31,28.94,OFF
2026-08-03 14:25:43,29.25,28.94,OFF
2026-08-03 14:25:44,29.31,28.94,OFF
2026-08-03 14:25:45,29.31,29.00,OFF
2026-08-03 14:25:46,29.25,29.00,OFF
2026-08-03 14:25:47,29.25,28.94,OFF
2026-08-03 14:25:48,29.25,28.94,OFF
2026-08-03 14:25:49,29.31,28.94,OFF
2026-08-03 14:25:50,29.25,29.00,OFF
2026-08-03 14:25:51,29.31,29.00,OFF
2026-08-03 14:25:52,29.31,29.00,OFF
2026-08-03 14:25:53,29.25,28.94,OFF
2026-08-03 14:25:54,29.25,28.94,OFF
2026-08-03 14:25:55,29.25,28.94,OFF
2026-08-03 14:25:57,29.31,29.00,OFF
2026-08-03 14:25:58,29.31,29.00,OFF
2026-08-03 14:25:59,29.31,28.94,OFF
2026-08-03 14:26:00,29.25,28.94,OFF
2026-08-03 14:26:01,29.31,29.00,OFF
2026-08-03 14:26:02,29.31,28.94,OFF
2026-08-03 14:26:03,29.31,28.94,OFF
2026-08-03 14:26:04,29.31,28.94,OFF
2026-08-03 14:26:05,29.31,29.00,OFF
2026-08-03 14:26:06,29.31,28.94,OFF
2026-08-03 14:26:07,29.31,29.00,OFF
2026-08-03 14:26:08,29.31,29.00,OFF
2026-08-03 14:26:09,29.31,29.00,OFF
2026-08-03 14:26:10,29.31,29.00,OFF
2026-08-03 14:26:12,29.31,29.00,OFF
2026-08-03 14:26:13,29.31,29.00,OFF
2026-08-03 14:26:14,29.37,29.06,OFF
2026-08-03 14:26:15,29.44,29.12,OFF
2026-08-03 14:26:16,29.44,29.12,OFF
2026-08-03 14:26:17,29.50,29.12,OFF
2026-08-03 14:26:18,29.50,29.19,OFF
2026-08-03 14:26:19,29.50,29.19,OFF
2026-08-03 14:26:20,29.56,29.19,OFF
2026-08-03 14:26:21,29.56,29.25,OFF
2026-08-03 14:26:22,29.56,29.19,OFF
2026-08-03 14:26:23,29.56,29.19,OFF
2026-08-03 14:26:24,29.62,29.25,OFF
2026-08-03 14:26:25,29.69,29.25,OFF
2026-08-03 14:26:27,29.75,29.37,OFF
2026-08-03 14:26:28,29.75,29.37,OFF
2026-08-03 14:26:29,29.81,29.37,OFF
2026-08-03 14:26:30,29.87,29.44,OFF
2026-08-03 14:26:31,29.94,29.44,OFF
2026-08-03 14:26:32,29.94,29.50,OFF
2026-08-03 14:26:33,30.00,29.50,OFF
2026-08-03 14:26:34,30.06,29.56,OFF
2026-08-03 14:26:35,30.06,29.62,OFF
2026-08-03 14:26:36,30.12,29.62,OFF
2026-08-03 14:26:37,30.19,29.62,OFF
2026-08-03 14:26:38,30.19,29.69,OFF
2026-08-03 14:26:39,30.19,29.69,OFF
2026-08-03 14:26:40,30.25,29.75,OFF
2026-08-03 14:26:42,30.31,29.69,OFF
2026-08-03 14:26:43,30.31,29.75,OFF
2026-08-03 14:26:44,30.37,29.75,OFF
2026-08-03 14:26:45,30.37,29.81,OFF
2026-08-03 14:26:46,30.37,29.81,OFF
2026-08-03 14:26:47,30.44,29.81,OFF
2026-08-03 14:26:48,30.44,29.81,OFF
2026-08-03 14:26:49,30.44,29.81,OFF
2026-08-03 14:26:50,30.44,29.81,OFF
2026-08-03 14:26:51,30.44,29.81,OFF
2026-08-03 14:26:52,30.44,29.81,OFF
2026-08-03 14:26:53,30.44,29.81,OFF
2026-08-03 14:26:54,30.37,29.81,OFF
2026-08-03 14:26:55,30.44,29.75,OFF
2026-08-03 14:26:57,31.12,29.81,OFF
2026-08-03 14:26:58,32.63,29.75,OFF
2026-08-03 14:26:59,34.19,29.75,OFF
2026-08-03 14:27:00,35.63,29.75,OFF
2026-08-03 14:27:01,37.00,29.75,OFF
2026-08-03 14:27:02,38.25,29.75,OFF
2026-08-03 14:27:03,39.38,29.69,OFF
2026-08-03 14:27:04,40.38,29.69,OFF
2026-08-03 14:27:05,41.31,29.69,OFF
2026-08-03 14:27:06,42.19,29.69,OFF
2026-08-03 14:27:07,43.00,29.69,OFF
2026-08-03 14:27:08,43.75,29.69,OFF
2026-08-03 14:27:09,44.44,29.69,OFF
2026-08-03 14:27:11,45.06,29.69,ON
2026-08-03 14:27:14,46.75,29.62,OFF
2026-08-03 14:27:15,47.25,29.62,OFF
2026-08-03 14:27:16,47.69,29.62,OFF
2026-08-03 14:27:17,48.13,29.62,OFF
2026-08-03 14:27:18,48.50,29.62,OFF
2026-08-03 14:27:19,48.88,29.62,OFF
2026-08-03 14:27:20,49.19,29.62,OFF
2026-08-03 14:27:21,49.50,29.62,ON
2026-08-03 14:27:24,50.31,29.62,OFF
2026-08-03 14:27:26,50.56,29.56,OFF
2026-08-03 14:27:27,50.81,29.56,OFF
2026-08-03 14:27:28,51.00,29.56,OFF
2026-08-03 14:27:29,51.19,29.56,OFF
2026-08-03 14:27:30,51.38,29.56,OFF
2026-08-03 14:27:31,51.38,29.56,OFF
2026-08-03 14:27:32,51.25,29.56,OFF
2026-08-03 14:27:33,50.94,29.56,OFF
2026-08-03 14:27:34,50.56,29.56,OFF
2026-08-03 14:27:35,50.13,29.50,OFF
2026-08-03 14:27:36,49.56,29.56,OFF
2026-08-03 14:27:37,49.00,29.56,OFF
2026-08-03 14:27:38,48.38,29.50,OFF
2026-08-03 14:27:39,47.75,29.56,OFF
2026-08-03 14:27:41,47.19,29.50,OFF
2026-08-03 14:27:42,46.56,29.56,OFF
2026-08-03 14:27:43,46.00,29.50,OFF
2026-08-03 14:27:44,45.44,29.56,OFF
2026-08-03 14:27:45,44.94,29.50,OFF
2026-08-03 14:27:46,44.44,29.50,OFF
2026-08-03 14:27:47,44.06,29.50,OFF
2026-08-03 14:27:48,43.63,29.50,OFF
2026-08-03 14:27:49,43.25,29.50,OFF
2026-08-03 14:27:50,42.88,29.50,OFF
2026-08-03 14:27:51,42.56,29.50,OFF
2026-08-03 14:27:52,42.25,29.50,OFF
2026-08-03 14:27:53,42.00,29.44,OFF
2026-08-03 14:27:54,41.75,29.50,OFF
2026-08-03 14:27:56,41.50,29.50,OFF
2026-08-03 14:27:57,41.25,29.50,OFF
2026-08-03 14:27:58,41.06,29.50,OFF
2026-08-03 14:27:59,40.81,29.50,OFF
2026-08-03 14:28:00,40.56,29.50,OFF
2026-08-03 14:28:01,40.38,29.50,OFF
2026-08-03 14:28:02,40.13,29.50,OFF
2026-08-03 14:28:03,39.88,29.50,OFF
2026-08-03 14:28:04,39.69,29.50,OFF
2026-08-03 14:28:05,39.44,29.44,OFF
2026-08-03 14:28:06,39.31,29.50,OFF
2026-08-03 14:28:07,39.13,29.44,OFF
2026-08-03 14:28:08,38.94,29.50,OFF
2026-08-03 14:28:09,38.81,29.44,OFF
2026-08-03 14:28:11,38.63,29.44,OFF
2026-08-03 14:28:12,38.44,29.44,OFF
2026-08-03 14:28:13,38.31,29.44,OFF
2026-08-03 14:28:14,38.19,29.44,OFF
2026-08-03 14:28:15,38.00,29.44,OFF
2026-08-03 14:28:16,37.88,29.44,OFF
2026-08-03 14:28:17,37.69,29.44,OFF
2026-08-03 14:28:18,37.56,29.44,OFF
2026-08-03 14:28:19,37.44,29.44,OFF
2026-08-03 14:28:20,37.31,29.44,OFF
2026-08-03 14:28:21,37.13,29.37,OFF
2026-08-03 14:28:22,37.00,29.44,OFF
2026-08-03 14:28:23,36.88,29.44,OFF
2026-08-03 14:28:25,36.69,29.44,OFF
2026-08-03 14:28:26,36.56,29.37,OFF
2026-08-03 14:28:27,36.44,29.44,OFF
2026-08-03 14:28:28,36.31,29.44,OFF
2026-08-03 14:28:29,36.19,29.44,OFF
2026-08-03 14:28:30,36.06,29.37,OFF
2026-08-03 14:28:31,35.94,29.44,OFF
2026-08-03 14:28:32,35.81,29.44,OFF
2026-08-03 14:28:33,35.69,29.44,OFF
2026-08-03 14:28:34,35.63,29.44,OFF
2026-08-03 14:28:35,35.44,29.37,OFF
2026-08-03 14:28:36,35.31,29.37,OFF
2026-08-03 14:28:37,35.25,29.44,OFF
2026-08-03 14:28:38,35.13,29.37,OFF
2026-08-03 14:28:40,35.06,29.37,OFF
2026-08-03 14:28:41,34.94,29.37,OFF
2026-08-03 14:28:42,34.81,29.37,OFF
2026-08-03 14:28:43,34.69,29.37,OFF
2026-08-03 14:28:44,34.56,29.37,OFF
2026-08-03 14:28:45,34.50,29.37,OFF
2026-08-03 14:28:46,34.38,29.37,OFF
2026-08-03 14:28:47,34.31,29.37,OFF
2026-08-03 14:28:48,34.19,29.37,OFF
2026-08-03 14:28:49,34.06,29.37,OFF
2026-08-03 14:28:50,34.00,29.37,OFF
2026-08-03 14:28:51,33.94,29.37,OFF
2026-08-03 14:28:52,33.81,29.37,OFF
2026-08-03 14:28:53,33.69,29.37,OFF
2026-08-03 14:28:55,33.69,29.37,OFF
2026-08-03 14:28:56,33.56,29.37,OFF
2026-08-03 14:28:57,33.50,29.37,OFF
2026-08-03 14:28:58,33.38,29.37,OFF
2026-08-03 14:28:59,33.31,29.37,OFF
2026-08-03 14:29:00,33.19,29.37,OFF
2026-08-03 14:29:01,33.19,29.37,OFF
2026-08-03 14:29:02,33.06,29.37,OFF
2026-08-03 14:29:03,33.00,29.31,OFF
2026-08-03 14:29:04,32.88,29.37,OFF
2026-08-03 14:29:05,32.81,29.37,OFF
2026-08-03 14:29:06,32.75,29.31,OFF
2026-08-03 14:29:07,32.63,29.37,OFF
2026-08-03 14:29:08,32.56,29.37,OFF
2026-08-03 14:29:10,32.50,29.31,OFF
2026-08-03 14:29:11,32.44,29.31,OFF
2026-08-03 14:29:12,32.38,29.31,OFF
2026-08-03 14:29:13,32.31,29.31,OFF
2026-08-03 14:29:14,32.25,29.31,OFF
2026-08-03 14:29:15,32.19,29.31,OFF
2026-08-03 14:29:16,32.13,29.31,OFF
2026-08-03 14:29:17,32.06,29.31,OFF
2026-08-03 14:29:18,32.00,29.31,OFF
2026-08-03 14:29:19,31.94,29.25,OFF
2026-08-03 14:29:20,31.87,29.31,OFF
2026-08-03 14:29:21,31.81,29.31,OFF
2026-08-03 14:29:22,31.75,29.31,OFF
2026-08-03 14:29:23,31.69,29.31,OFF
2026-08-03 14:29:25,31.62,29.31,OFF
2026-08-03 14:29:26,31.62,29.31,OFF
2026-08-03 14:29:27,31.56,29.31,OFF
2026-08-03 14:29:28,31.50,29.31,OFF
2026-08-03 14:29:29,31.44,29.31,OFF
2026-08-03 14:29:30,31.37,29.31,OFF
2026-08-03 14:29:31,31.31,29.31,OFF
2026-08-03 14:29:32,31.25,29.31,OFF
2026-08-03 14:29:33,31.25,29.31,OFF
2026-08-03 14:29:34,31.19,29.31,OFF
2026-08-03 14:29:35,31.12,29.25,OFF
2026-08-03 14:29:36,31.06,29.31,OFF
2026-08-03 14:29:37,31.06,29.31,OFF
2026-08-03 14:29:38,30.94,29.25,OFF
2026-08-03 14:29:40,30.94,29.31,OFF
2026-08-03 14:29:41,30.87,29.25,OFF
2026-08-03 14:29:42,30.81,29.31,OFF
2026-08-03 14:29:43,30.75,29.25,OFF
2026-08-03 14:29:44,30.75,29.31,OFF
2026-08-03 14:29:45,30.69,29.31,OFF
2026-08-03 14:29:46,30.62,29.25,OFF
2026-08-03 14:29:47,30.56,29.31,OFF
2026-08-03 14:29:48,30.56,29.31,OFF
2026-08-03 14:29:49,30.50,29.25,OFF
2026-08-03 14:29:50,30.50,29.25,OFF
2026-08-03 14:29:51,30.44,29.25,OFF
2026-08-03 14:29:52,30.37,29.25,OFF
2026-08-03 14:29:53,30.31,29.31,OFF
2026-08-03 14:29:55,30.31,29.25,OFF
2026-08-03 14:29:56,30.25,29.31,OFF
2026-08-03 14:29:57,30.25,29.25,OFF
2026-08-03 14:29:58,30.19,29.31,OFF
2026-08-03 14:29:59,30.12,29.31,OFF
2026-08-03 14:30:00,30.06,29.25,OFF
2026-08-03 14:30:01,30.06,29.25,OFF
2026-08-03 14:30:02,30.06,29.25,OFF
2026-08-03 14:30:03,30.00,29.25,OFF
2026-08-03 14:30:04,30.00,29.25,OFF
2026-08-03 14:30:05,29.94,29.25,OFF
2026-08-03 14:30:06,29.87,29.25,OFF
2026-08-03 14:30:07,29.87,29.25,OFF
2026-08-03 14:30:08,29.87,29.25,OFF
2026-08-03 14:30:10,29.81,29.25,OFF
2026-08-03 14:30:11,29.75,29.25,OFF
2026-08-03 14:30:12,29.81,29.31,OFF
2026-08-03 14:30:13,29.75,29.25,OFF
2026-08-03 14:30:14,29.69,29.25,OFF
2026-08-03 14:30:15,29.62,29.25,OFF
2026-08-03 14:30:16,29.62,29.25,OFF
2026-08-03 14:30:17,29.62,29.25,OFF
2026-08-03 14:34:08,27.75,29.19,OFF
2026-08-03 14:34:09,27.75,29.19,ON
2026-08-03 14:34:11,27.75,29.19,ON
2026-08-03 14:34:13,27.75,29.19,ON
2026-08-03 14:34:15,27.75,29.19,ON
2026-08-03 14:34:17,27.75,29.19,ON
2026-08-03 14:34:19,27.75,29.19,ON
2026-08-03 14:34:21,27.75,29.19,ON
2026-08-03 14:34:23,27.75,29.19,ON
2026-08-03 14:34:24,27.75,29.19,ON
2026-08-03 14:34:25,27.75,29.19,ON
2026-08-03 14:34:26,27.75,29.19,ON
2026-08-03 14:34:27,27.75,29.19,ON
2026-08-03 14:34:28,27.75,29.19,ON
2026-08-03 14:34:48,27.75,29.19,OFF
2026-08-03 14:34:49,27.75,29.19,ON
2026-08-03 14:34:53,27.75,29.19,ON
2026-08-03 14:34:56,27.69,29.19,ON
2026-08-03 14:34:58,27.75,29.19,ON
2026-08-03 14:35:00,27.75,29.19,ON
2026-08-03 14:35:01,27.75,29.19,ON
2026-08-03 14:35:02,27.75,29.19,ON
2026-08-03 14:35:03,27.75,29.19,ON
2026-08-03 14:35:04,27.75,29.19,ON
2026-08-03 14:35:05,27.75,29.19,ON
2026-08-03 14:35:06,27.75,29.19,ON
2026-08-03 14:35:08,27.75,29.19,ON
2026-08-03 14:35:09,27.69,29.19,ON
2026-08-03 14:35:10,27.75,29.19,ON
2026-08-03 14:35:11,27.75,29.19,ON
2026-08-03 14:35:12,27.75,29.25,ON
2026-08-03 14:35:13,27.75,29.19,ON
2026-08-03 14:35:15,27.69,29.19,ON
2026-08-03 14:35:17,27.69,29.19,ON
2026-08-03 14:35:20,27.69,29.19,ON
2026-08-03 14:35:23,27.69,29.19,ON
2026-08-03 14:36:00,27.75,29.19,OFF
2026-08-03 14:36:01,27.75,29.25,OFF
2026-08-03 14:36:02,27.75,29.25,OFF
2026-08-03 14:36:03,27.75,29.19,OFF
2026-08-03 14:36:04,27.75,29.25,OFF
2026-08-03 14:36:05,27.75,29.25,ON
2026-08-03 14:36:08,27.81,29.19,OFF
2026-08-03 14:36:09,27.81,29.25,OFF
2026-08-03 14:36:10,27.81,29.19,OFF
2026-08-03 14:36:11,27.81,29.19,OFF
2026-08-03 14:36:12,27.81,29.19,OFF
2026-08-03 14:36:13,27.81,29.25,OFF
2026-08-03 14:36:14,27.81,29.19,OFF
2026-08-03 14:36:15,27.75,29.19,OFF
2026-08-03 14:36:16,27.81,29.25,OFF
2026-08-03 14:36:17,27.81,29.25,OFF
2026-08-03 14:36:18,27.81,29.19,OFF
2026-08-03 14:36:19,27.81,29.25,OFF
2026-08-03 14:36:20,27.81,29.19,OFF
2026-08-03 14:36:22,27.81,29.19,OFF
2026-08-03 14:36:23,27.81,29.25,OFF
2026-08-03 14:36:24,27.81,29.25,OFF
2026-08-03 14:36:25,27.81,29.19,OFF
2026-08-03 14:36:26,27.81,29.25,OFF
2026-08-03 14:36:27,27.81,29.25,OFF
2026-08-03 14:36:28,27.81,29.19,OFF
2026-08-03 14:36:29,27.81,29.25,OFF
2026-08-03 14:36:30,27.81,29.25,OFF
2026-08-03 14:36:31,27.81,29.25,OFF
2026-08-03 14:36:32,27.81,29.25,OFF
2026-08-03 14:36:33,27.81,29.25,OFF
2026-08-03 14:36:34,27.81,29.25,OFF
2026-08-03 14:36:35,27.81,29.25,OFF
2026-08-03 14:36:37,27.81,29.19,OFF
2026-08-03 14:36:38,27.81,29.19,OFF
2026-08-03 14:36:39,27.81,29.19,OFF
2026-08-03 14:36:40,27.81,29.25,OFF
2026-08-03 14:36:41,27.81,29.25,OFF
2026-08-03 14:36:42,27.81,29.19,OFF
2026-08-03 14:36:43,27.81,29.25,OFF
2026-08-03 14:36:44,27.81,29.25,OFF
2026-08-03 14:36:45,27.81,29.19,OFF
2026-08-03 14:36:46,27.81,29.25,OFF
2026-08-03 14:36:47,27.81,29.19,OFF
2026-08-03 14:36:48,27.87,29.25,OFF
2026-08-03 14:36:49,27.81,29.19,OFF
2026-08-03 14:36:50,27.81,29.25,OFF
2026-08-03 14:36:52,27.81,29.19,OFF
2026-08-03 14:36:53,27.81,29.25,OFF
2026-08-03 14:36:54,27.81,29.25,OFF
2026-08-03 14:36:55,27.81,29.19,OFF
2026-08-03 14:36:56,27.87,29.19,OFF
2026-08-03 14:36:57,27.81,29.19,OFF
2026-08-03 14:36:58,27.81,29.19,OFF
2026-08-03 14:36:59,27.81,29.19,OFF
2026-08-03 14:37:00,27.87,29.25,OFF
2026-08-03 14:37:01,27.81,29.25,OFF
2026-08-03 14:37:02,27.81,29.25,OFF
2026-08-03 14:37:03,27.81,29.25,OFF
2026-08-03 14:37:04,27.81,29.25,OFF
2026-08-03 14:37:05,27.81,29.25,OFF
2026-08-03 14:37:07,27.81,29.25,OFF
2026-08-03 14:37:08,27.81,29.19,OFF
2026-08-03 14:37:09,27.87,29.25,OFF
2026-08-03 14:37:10,27.81,29.25,OFF
2026-08-03 14:37:11,27.81,29.25,OFF
2026-08-03 14:37:12,27.81,29.19,OFF
2026-08-03 14:37:13,27.81,29.25,OFF
2026-08-03 14:37:14,27.81,29.25,OFF
2026-08-03 14:37:15,27.87,29.25,OFF
2026-08-03 14:37:16,27.87,29.19,OFF
2026-08-03 14:37:17,27.81,29.25,OFF
2026-08-03 14:37:18,27.87,29.25,OFF
2026-08-03 14:37:19,27.81,29.19,OFF
2026-08-03 14:37:21,27.87,29.25,OFF
2026-08-03 14:37:22,27.87,29.25,OFF
2026-08-03 14:37:23,27.87,29.19,OFF
2026-08-03 14:37:24,27.87,29.25,OFF
2026-08-03 14:37:25,27.87,29.25,OFF
2026-08-03 14:37:26,27.87,29.19,OFF
2026-08-03 14:37:27,27.87,29.25,OFF
2026-08-03 14:37:28,27.87,29.19,OFF
2026-08-03 14:37:29,27.81,29.25,OFF
2026-08-03 14:37:30,27.87,29.25,OFF
2026-08-03 14:37:31,27.87,29.25,OFF
2026-08-03 14:37:32,27.87,29.19,OFF
2026-08-03 14:37:33,27.87,29.19,OFF
2026-08-03 14:37:34,27.87,29.19,OFF
2026-08-03 14:52:00,29.12,28.94,OFF
2026-08-03 14:52:01,29.12,29.00,OFF
2026-08-03 14:52:02,29.19,29.00,OFF
2026-08-03 14:52:03,29.19,29.00,OFF
2026-08-03 14:52:04,29.19,29.00,OFF
2026-08-03 14:52:05,29.19,29.00,OFF
2026-08-03 14:52:06,29.19,29.00,OFF
2026-08-03 14:52:07,29.19,29.00,OFF
2026-08-03 14:52:08,29.19,29.00,ON
2026-08-03 14:52:10,29.12,29.00,OFF
2026-08-03 14:52:11,29.19,29.00,OFF
2026-08-03 14:52:13,29.19,29.00,OFF
2026-08-03 14:52:14,29.19,29.00,OFF
2026-08-03 14:52:15,29.19,29.00,OFF
2026-08-03 14:52:16,29.19,29.00,OFF
2026-08-03 14:52:17,29.19,29.00,OFF
2026-08-03 14:52:18,29.19,29.00,OFF
2026-08-03 14:52:19,29.44,29.00,OFF
2026-08-03 14:52:20,30.12,29.06,OFF
2026-08-03 14:52:21,30.94,29.00,OFF
2026-08-03 14:52:22,31.75,29.00,OFF
2026-08-03 14:52:23,32.31,29.00,OFF
2026-08-03 14:52:24,32.69,29.00,OFF
2026-08-03 14:52:25,32.88,29.12,OFF
2026-08-03 14:52:26,32.94,29.75,OFF
2026-08-03 14:52:28,33.00,30.62,OFF
2026-08-03 14:52:29,33.00,31.37,OFF
2026-08-03 14:52:30,32.88,32.13,OFF
2026-08-03 14:52:31,32.81,32.75,OFF
2026-08-03 14:52:32,32.75,33.38,OFF
2026-08-03 14:52:33,32.63,33.94,OFF
2026-08-03 14:52:34,32.56,34.44,OFF
2026-08-03 14:52:35,32.44,34.94,OFF
2026-08-03 14:52:36,32.31,35.38,OFF
2026-08-03 14:52:37,32.25,35.81,OFF
2026-08-03 14:52:38,32.13,36.19,OFF
2026-08-03 14:52:39,32.06,36.56,OFF
2026-08-03 14:52:40,31.94,36.88,OFF
2026-08-03 14:52:41,31.81,37.19,OFF
2026-08-03 14:52:43,31.75,37.50,OFF
2026-08-03 14:52:44,31.62,37.75,OFF
2026-08-03 14:52:45,31.50,38.00,OFF
2026-08-03 14:52:46,31.44,38.25,OFF
2026-08-03 14:52:47,31.31,38.50,OFF
2026-08-03 14:52:48,31.25,38.69,OFF
2026-08-03 14:52:49,31.19,38.88,OFF
2026-08-03 14:52:50,31.12,39.06,OFF
2026-08-03 14:52:51,31.00,39.25,OFF
2026-08-03 14:52:52,30.94,39.44,OFF
2026-08-03 14:52:53,30.87,39.50,OFF
2026-08-03 14:52:54,30.81,39.56,OFF
2026-08-03 14:52:55,30.75,39.63,OFF
2026-08-03 14:52:56,30.69,39.81,OFF
2026-08-03 14:52:58,30.56,39.94,OFF
2026-08-03 14:52:59,30.50,40.06,OFF
2026-08-03 14:53:00,30.50,40.13,OFF
2026-08-03 14:53:01,30.44,40.25,OFF
2026-08-03 14:53:02,30.37,40.31,OFF
2026-08-03 14:53:03,30.31,40.44,OFF
2026-08-03 14:53:04,30.25,40.44,OFF
2026-08-03 14:53:05,30.19,40.50,OFF
2026-08-03 14:53:06,30.19,40.50,OFF
2026-08-03 14:53:07,30.12,40.56,OFF
2026-08-03 14:53:08,30.06,40.56,OFF
2026-08-03 14:53:09,30.00,40.56,OFF
2026-08-03 14:53:10,30.00,40.56,OFF
2026-08-03 14:53:11,30.00,40.50,OFF
2026-08-03 14:53:13,30.12,40.50,OFF
2026-08-03 14:53:14,30.25,40.50,OFF
2026-08-03 14:53:15,30.37,40.50,OFF
2026-08-03 14:53:16,30.50,40.50,OFF
2026-08-03 14:53:17,30.62,40.56,OFF
2026-08-03 14:53:18,30.69,40.50,OFF
2026-08-03 14:53:19,30.75,40.50,OFF
2026-08-03 14:53:20,30.81,40.56,OFF
2026-08-03 14:53:21,30.81,40.63,OFF
2026-08-03 14:53:22,30.87,40.63,OFF
2026-08-03 14:53:23,30.87,40.63,OFF
2026-08-03 14:53:24,30.94,40.69,OFF
2026-08-03 14:53:25,30.94,40.75,OFF
2026-08-03 14:53:26,30.94,40.81,OFF
2026-08-03 14:53:28,31.00,40.81,OFF
2026-08-03 14:53:29,31.06,40.88,OFF
2026-08-03 14:53:30,31.06,40.88,OFF
2026-08-03 14:53:31,31.19,40.94,OFF
2026-08-03 14:53:32,31.19,41.00,OFF
2026-08-03 14:53:33,31.19,41.06,OFF
2026-08-03 14:53:34,31.19,41.13,OFF
2026-08-03 14:53:35,31.19,41.13,OFF
2026-08-03 14:53:36,31.19,41.19,OFF
2026-08-03 14:53:37,31.19,41.25,OFF
2026-08-03 14:53:38,31.19,41.25,OFF
2026-08-03 14:53:39,31.19,41.31,OFF
2026-08-03 14:53:40,31.12,41.38,OFF
2026-08-03 14:53:41,31.12,41.38,OFF
2026-08-03 14:53:43,31.12,41.38,OFF
2026-08-03 14:53:44,31.12,41.44,OFF
2026-08-03 14:53:45,31.12,41.50,OFF
2026-08-03 14:53:46,31.06,41.50,OFF
2026-08-03 14:53:47,31.06,41.56,OFF
2026-08-03 14:53:48,31.06,41.56,OFF
2026-08-03 14:53:49,31.12,41.63,OFF
2026-08-03 14:53:50,31.12,41.63,OFF
2026-08-03 14:53:51,31.19,41.63,OFF
2026-08-03 14:53:52,31.25,41.69,OFF
2026-08-03 14:53:53,31.25,41.69,OFF
2026-08-03 14:53:54,31.25,41.69,OFF
2026-08-03 14:53:55,31.25,41.69,OFF
2026-08-03 14:53:57,31.25,41.75,OFF
2026-08-03 14:53:58,31.25,41.75,OFF
2026-08-03 14:53:59,31.25,41.75,OFF
2026-08-03 14:54:00,31.19,41.81,OFF
2026-08-03 14:54:01,31.19,41.75,OFF
2026-08-03 14:54:02,31.19,41.81,OFF
2026-08-03 14:54:03,31.12,41.81,OFF
2026-08-03 14:54:04,31.12,41.81,OFF
2026-08-03 14:54:05,31.06,41.81,OFF
2026-08-03 14:54:06,31.06,41.88,OFF
2026-08-03 14:54:07,31.00,41.88,OFF
2026-08-03 14:54:08,31.00,41.88,OFF
2026-08-03 14:54:09,30.94,41.94,OFF
2026-08-03 14:54:10,30.87,41.88,OFF
2026-08-03 14:54:12,30.87,41.88,OFF
2026-08-03 14:54:13,30.87,41.88,OFF
2026-08-03 14:54:14,30.81,41.94,OFF
2026-08-03 14:54:15,30.81,41.94,OFF
2026-08-03 14:54:16,30.75,41.88,OFF
2026-08-03 14:54:17,30.75,41.88,OFF
2026-08-03 14:54:18,30.69,41.94,OFF
2026-08-03 14:54:19,30.69,41.94,OFF
2026-08-03 14:54:20,30.62,41.94,OFF
2026-08-03 14:54:21,30.50,41.94,OFF
2026-08-03 14:54:22,30.44,41.94,OFF
2026-08-03 14:54:23,30.37,41.94,OFF
2026-08-03 14:54:24,30.25,41.94,OFF
2026-08-03 14:54:25,30.19,41.94,OFF
2026-08-03 14:54:27,30.12,41.94,OFF
2026-08-03 14:54:28,30.00,41.94,OFF
2026-08-03 14:54:29,29.94,41.94,OFF
2026-08-03 14:54:30,29.87,41.94,OFF
2026-08-03 14:54:31,29.81,41.94,OFF
2026-08-03 14:54:32,29.75,41.94,OFF
2026-08-03 14:54:33,29.69,41.94,OFF
2026-08-03 14:54:34,29.56,41.94,OFF
2026-08-03 14:54:35,29.50,41.94,OFF
2026-08-03 14:54:36,29.44,41.94,OFF
2026-08-03 14:54:37,29.37,41.94,OFF
2026-08-03 14:54:38,29.37,41.94,OFF
2026-08-03 14:54:39,29.31,41.94,OFF
2026-08-03 14:54:40,29.25,41.94,OFF
2026-08-03 14:54:42,29.19,41.94,OFF
2026-08-03 14:54:43,29.12,41.88,OFF
2026-08-03 14:54:44,29.06,41.94,OFF
2026-08-03 14:54:45,29.00,41.94,OFF
2026-08-03 14:54:46,29.00,41.94,OFF
2026-08-03 14:54:47,28.94,41.94,OFF
2026-08-03 14:54:48,28.87,41.88,OFF
2026-08-03 14:54:49,28.87,41.88,OFF
2026-08-03 14:54:50,28.81,41.94,OFF
2026-08-03 14:54:51,28.81,41.88,ON
2026-08-03 14:54:54,28.69,41.88,OFF
2026-08-03 14:54:55,28.69,41.88,OFF
2026-08-03 14:54:57,28.62,41.88,OFF
2026-08-03 14:54:58,28.62,41.88,OFF
2026-08-03 14:54:59,28.56,41.88,OFF
2026-08-03 14:55:00,28.56,41.88,OFF
2026-08-03 14:55:01,28.56,41.88,OFF
2026-08-03 14:56:31,28.75,33.31,OFF
2026-08-03 14:56:33,28.75,33.25,OFF
2026-08-03 14:56:34,28.81,33.13,OFF
2026-08-03 14:56:35,28.75,33.06,OFF
2026-08-03 14:56:36,28.75,33.00,OFF
2026-08-03 14:56:37,28.75,32.94,OFF
2026-08-03 14:56:38,28.81,32.88,OFF
2026-08-03 14:56:39,28.75,32.75,OFF
2026-08-03 14:56:40,28.81,32.75,OFF
2026-08-03 14:56:41,28.81,32.63,OFF
2026-08-03 14:56:42,28.81,32.69,OFF
2026-08-03 14:56:43,28.81,33.13,OFF
2026-08-03 14:56:44,28.81,33.75,OFF
2026-08-03 14:56:45,28.81,34.25,OFF
2026-08-03 14:56:46,28.81,34.75,OFF
2026-08-03 14:56:48,28.81,35.19,ON
2026-08-03 14:56:50,28.81,36.00,ON
2026-08-03 14:56:52,28.81,36.63,ON
2026-08-03 14:56:54,28.81,37.25,ON
2026-08-03 14:56:56,28.81,37.69,ON
2026-08-03 14:56:58,28.81,38.13,ON
2026-08-03 14:57:00,28.81,38.50,ON
2026-08-03 14:57:03,28.87,38.75,ON
2026-08-03 14:57:06,28.81,39.19,ON
2026-08-03 14:57:08,28.87,39.38,ON
2026-08-03 14:57:10,28.87,39.63,ON
2026-08-03 14:57:13,28.87,39.81,ON
2026-08-03 14:57:16,28.87,39.75,ON
2026-08-03 14:57:19,28.87,39.56,OFF
2026-08-03 14:57:20,28.87,39.38,OFF
2026-08-03 14:57:21,28.87,39.25,OFF
2026-08-03 14:57:22,28.87,39.06,OFF
2026-08-03 14:57:23,28.87,38.88,OFF
2026-08-03 14:57:24,28.87,38.69,ON
2026-08-03 14:57:26,28.87,38.31,ON
2026-08-03 14:57:28,28.87,37.94,OFF
2026-08-03 14:57:29,28.87,37.75,OFF
2026-08-03 14:57:30,28.87,37.50,OFF
2026-08-03 14:57:31,28.87,37.38,OFF
2026-08-03 14:57:33,28.94,37.13,OFF
2026-08-03 14:57:34,28.94,36.94,OFF
2026-08-03 14:57:35,28.94,36.81,OFF
2026-08-03 14:57:36,28.87,36.63,OFF
2026-08-03 14:57:37,28.94,36.50,OFF
2026-08-03 14:57:38,28.94,36.31,OFF
2026-08-03 14:57:39,28.94,36.13,OFF
2026-08-03 14:57:40,28.94,36.00,OFF
2026-08-03 14:57:41,28.94,35.81,OFF
2026-08-03 14:57:42,28.94,35.69,OFF
2026-08-03 14:57:43,28.94,35.56,OFF
2026-08-03 14:57:44,28.94,35.38,OFF
2026-08-03 14:57:45,28.94,35.19,OFF
2026-08-03 14:57:46,29.00,35.06,OFF
2026-08-03 14:57:48,29.00,34.94,OFF
2026-08-03 14:57:49,28.94,34.81,OFF
2026-08-03 14:57:50,28.94,34.69,OFF
2026-08-03 14:57:51,28.94,34.56,OFF
2026-08-03 14:57:52,29.00,34.38,OFF
2026-08-03 14:57:53,28.94,34.31,OFF
2026-08-03 14:57:54,28.94,34.13,OFF
2026-08-03 14:57:55,28.94,34.06,OFF
2026-08-03 14:57:56,28.94,33.94,OFF
2026-08-03 14:57:57,29.00,33.81,OFF
2026-08-03 14:57:58,28.94,33.69,OFF
2026-08-03 14:57:59,29.00,33.56,OFF
2026-08-03 14:58:00,28.94,33.44,OFF
2026-08-03 14:58:01,28.94,33.38,OFF
2026-08-03 14:58:03,29.00,33.25,OFF
2026-08-03 14:58:04,29.00,33.13,OFF
2026-08-03 14:58:05,29.00,33.06,OFF
2026-08-03 14:58:06,28.94,32.94,OFF
2026-08-03 14:58:07,29.00,32.88,OFF
2026-08-03 14:58:08,29.00,32.75,OFF
2026-08-03 14:58:09,29.00,32.69,OFF
2026-08-03 14:58:10,29.00,32.56,OFF
2026-08-03 14:58:11,29.00,32.50,OFF
2026-08-03 14:58:12,29.00,32.44,OFF
2026-08-03 14:58:13,29.00,32.31,OFF
2026-08-03 14:58:14,29.00,32.25,OFF
2026-08-03 14:58:15,29.00,32.13,OFF
2026-08-03 14:58:16,29.00,32.06,OFF
2026-08-03 14:58:18,29.00,32.00,OFF
2026-08-03 14:58:19,29.00,31.94,OFF
2026-08-03 14:58:20,29.00,31.87,OFF
2026-08-03 14:58:21,29.00,31.81,OFF
2026-08-03 14:58:22,29.00,31.75,OFF
2026-08-03 14:58:23,29.00,31.62,OFF
2026-08-03 14:58:24,29.00,31.62,OFF
2026-08-03 14:58:25,29.06,31.50,OFF
2026-08-03 14:58:26,29.06,31.50,OFF
2026-08-03 14:58:27,29.06,31.37,OFF
2026-08-03 14:58:28,29.06,31.31,OFF
2026-08-03 14:58:29,29.00,31.25,OFF
2026-08-03 14:58:30,29.00,31.19,OFF
2026-08-03 14:58:32,29.06,31.12,OFF
2026-08-03 14:58:33,29.06,31.12,OFF
2026-08-03 14:58:34,29.00,31.06,OFF
2026-08-03 14:58:35,29.06,30.94,OFF
2026-08-03 14:58:36,29.06,30.94,OFF
2026-08-03 14:58:37,29.06,30.87,OFF
2026-08-03 14:58:38,29.06,30.81,OFF
2026-08-03 14:58:39,29.06,30.75,OFF
2026-08-03 14:58:40,29.06,30.69,OFF
2026-08-03 14:58:41,29.06,30.62,OFF
2026-08-03 14:58:42,29.06,30.56,OFF
2026-08-03 14:58:43,29.06,30.50,OFF
2026-08-03 14:58:44,29.06,30.50,OFF
2026-08-03 14:58:45,29.00,30.37,OFF
2026-08-03 14:58:47,29.06,30.37,OFF
2026-08-03 14:58:48,29.06,30.31,OFF
2026-08-03 14:58:49,29.06,30.31,OFF
2026-08-03 14:58:50,29.06,30.25,OFF
2026-08-03 14:58:51,29.06,30.19,OFF
2026-08-03 14:58:52,29.06,30.12,OFF
2026-08-03 14:58:53,29.06,30.12,OFF
2026-08-03 14:58:54,29.06,30.06,OFF
2026-08-03 14:58:55,29.06,30.00,OFF
2026-08-03 14:58:56,29.06,30.00,OFF
2026-08-03 14:58:57,29.06,29.94,OFF
2026-08-03 14:58:58,29.06,29.94,OFF
2026-08-03 14:58:59,29.06,29.87,OFF
2026-08-03 14:59:00,29.06,29.87,OFF
2026-08-03 14:59:02,29.06,29.81,OFF
2026-08-03 14:59:03,29.06,29.75,OFF
2026-08-03 14:59:04,29.06,29.75,OFF
2026-08-03 14:59:05,29.06,29.69,OFF
2026-08-03 14:59:06,29.06,29.62,OFF
2026-08-03 14:59:07,29.06,29.62,OFF
2026-08-03 14:59:08,29.06,29.62,OFF
2026-08-03 14:59:09,29.12,29.56,OFF
2026-08-03 14:59:10,29.12,29.56,OFF
2026-08-03 14:59:11,29.06,29.50,OFF
2026-08-03 14:59:12,29.06,29.44,OFF
2026-08-03 14:59:13,29.12,29.44,OFF
2026-08-03 14:59:14,29.06,29.37,OFF
2026-08-03 14:59:15,29.06,29.37,OFF
2026-08-03 14:59:17,29.06,29.37,OFF
2026-08-03 14:59:18,29.06,29.31,OFF
2026-08-03 14:59:19,29.06,29.25,OFF
2026-08-03 14:59:20,29.06,29.25,OFF
2026-08-03 14:59:21,29.12,29.19,OFF
2026-08-03 14:59:22,29.12,29.19,OFF
2026-08-03 14:59:23,29.12,29.19,OFF
2026-08-03 14:59:24,29.06,29.12,OFF
2026-08-03 14:59:25,29.06,29.12,OFF
2026-08-03 14:59:26,29.12,29.06,OFF
2026-08-03 14:59:27,29.12,29.06,OFF
2026-08-03 14:59:28,29.06,29.06,OFF
2026-08-03 14:59:29,29.12,29.00,OFF
2026-08-03 14:59:30,29.12,29.00,OFF
2026-08-03 14:59:32,29.12,28.94,OFF
2026-08-03 14:59:33,29.12,28.94,OFF
2026-08-03 14:59:34,29.12,28.87,OFF
2026-08-03 14:59:35,29.12,28.87,OFF
2026-08-03 14:59:36,29.12,28.87,OFF
2026-08-03 14:59:37,29.12,28.81,OFF
2026-08-03 14:59:38,29.06,28.81,OFF
2026-08-03 14:59:39,29.06,28.81,OFF
2026-08-03 14:59:40,29.12,28.75,OFF
2026-08-03 14:59:41,29.12,28.75,OFF
2026-08-03 14:59:42,29.12,28.75,OFF
2026-08-03 14:59:43,29.12,28.69,OFF
2026-08-03 14:59:44,29.12,28.69,OFF
2026-08-03 14:59:45,29.12,28.69,OFF
2026-08-03 14:59:47,29.12,28.62,OFF
2026-08-03 14:59:48,29.12,28.62,OFF
2026-08-03 14:59:49,29.12,28.62,OFF
2026-08-03 14:59:50,29.12,28.56,OFF
2026-08-03 14:59:51,29.12,28.56,OFF
2026-08-03 14:59:52,29.12,28.56,OFF
2026-08-03 14:59:53,29.12,28.56,OFF
2026-08-03 14:59:54,29.12,28.56,OFF
2026-08-03 14:59:55,29.12,28.50,OFF
2026-08-03 14:59:56,29.12,28.50,OFF
2026-08-03 14:59:57,29.12,28.50,OFF
2026-08-03 14:59:58,29.12,28.50,OFF
2026-08-03 14:59:59,29.12,28.44,OFF
2026-08-03 15:00:00,29.12,28.44,OFF
2026-08-03 15:00:02,29.12,28.44,OFF
2026-08-03 15:00:03,29.12,28.44,OFF
2026-08-03 15:00:04,29.12,28.37,OFF
2026-08-03 15:00:05,29.12,28.37,OFF
2026-08-03 15:00:06,29.12,28.37,OFF
2026-08-03 15:00:07,29.12,28.37,OFF
2026-08-03 15:00:08,29.12,28.31,OFF
2026-08-03 15:00:09,29.12,28.31,OFF
2026-08-03 15:00:10,29.12,28.31,OFF
2026-08-03 15:00:11,29.12,28.31,OFF
2026-08-03 15:00:12,29.12,28.25,OFF
2026-08-03 15:00:13,29.12,28.25,OFF
2026-08-03 15:00:14,29.12,28.25,OFF
2026-08-03 15:00:15,29.12,28.25,OFF
2026-08-03 15:00:17,29.12,28.25,OFF
2026-08-03 15:00:18,29.12,28.25,OFF
2026-08-03 15:00:19,29.12,28.19,OFF
2026-08-03 15:00:20,29.12,28.19,OFF
2026-08-03 15:00:21,29.12,28.19,OFF
2026-08-03 15:00:22,29.12,28.19,OFF
2026-08-03 15:00:23,29.12,28.19,OFF
2026-08-03 15:00:24,29.12,28.19,OFF
2026-08-03 15:00:25,29.12,28.12,OFF
2026-08-03 15:00:26,29.12,28.19,OFF
2026-08-03 15:00:27,29.12,28.12,OFF
2026-08-03 15:00:28,29.12,28.12,OFF
2026-08-03 15:00:29,29.12,28.06,OFF
2026-08-03 15:00:30,29.12,28.06,OFF
2026-08-03 15:00:32,29.12,28.12,OFF
2026-08-03 15:00:33,29.12,28.06,OFF
2026-08-03 15:00:34,29.12,28.06,OFF
2026-08-03 15:00:35,29.12,28.06,OFF
2026-08-03 15:00:36,29.12,28.06,OFF
2026-08-03 15:00:37,29.12,28.06,OFF
2026-08-03 15:00:38,29.12,28.06,OFF
2026-08-03 15:00:39,29.06,28.06,OFF
2026-08-03 15:00:40,29.12,28.00,OFF
2026-08-03 15:00:41,29.12,28.00,OFF
2026-08-03 15:00:42,29.12,28.00,OFF
2026-08-03 15:00:43,29.12,28.00,OFF
2026-08-03 15:00:44,29.12,28.00,OFF
2026-08-03 15:00:46,29.12,28.00,OFF
2026-08-03 15:00:47,29.12,27.94,OFF
2026-08-03 15:00:48,29.12,28.00,OFF
2026-08-03 15:00:49,29.12,28.00,OFF
2026-08-03 15:00:50,29.06,28.00,OFF
2026-08-03 15:00:51,29.12,28.00,OFF
2026-08-03 15:00:52,29.12,27.94,OFF
2026-08-03 15:00:53,29.06,27.94,OFF
2026-08-03 15:00:54,29.12,27.94,OFF
2026-08-03 15:00:55,29.12,27.94,OFF
2026-08-03 15:00:56,29.12,27.94,OFF
2026-08-03 15:00:57,29.12,27.94,OFF
2026-08-03 15:00:58,29.12,27.94,OFF
2026-08-03 15:00:59,29.12,27.94,OFF
2026-08-03 15:01:01,29.12,27.87,OFF
2026-08-03 15:01:02,29.12,27.87,OFF
2026-08-03 15:01:03,29.12,27.94,OFF
2026-08-03 15:01:04,29.12,27.87,OFF
2026-08-03 15:01:05,29.12,27.87,OFF
2026-08-03 15:01:06,29.12,27.87,OFF
2026-08-03 15:01:07,29.12,27.87,OFF
2026-08-03 15:01:08,29.12,27.81,OFF
2026-08-03 15:01:09,29.12,27.81,OFF
2026-08-03 15:01:10,29.12,27.81,OFF
2026-08-03 15:01:11,29.12,27.81,OFF
2026-08-03 15:01:12,29.12,27.81,OFF
2026-08-03 15:01:13,29.12,27.81,OFF
2026-08-03 15:01:14,29.12,27.81,OFF
2026-08-03 15:01:16,29.12,27.87,OFF
2026-08-03 15:01:17,29.12,27.81,OFF
2026-08-03 15:01:18,29.12,27.81,OFF
2026-08-03 15:01:19,29.12,27.81,OFF
2026-08-03 15:01:20,29.12,27.81,OFF
2026-08-03 15:01:21,29.12,27.81,OFF
2026-08-03 15:01:22,29.12,27.81,OFF
2026-08-03 15:01:23,29.12,27.81,OFF
2026-08-03 15:01:24,29.12,27.75,OFF
2026-08-03 15:01:25,29.12,27.81,OFF
2026-08-03 15:01:26,29.12,27.75,OFF
2026-08-03 15:01:27,29.12,27.75,OFF
2026-08-03 15:01:28,29.12,27.81,OFF
2026-08-03 15:01:29,29.12,27.75,OFF
2026-08-03 15:01:31,29.12,27.75,OFF
2026-08-03 15:01:32,29.12,27.75,OFF
2026-08-03 15:01:33,29.12,27.81,OFF
2026-08-03 15:01:34,29.12,27.75,OFF
2026-08-03 15:01:35,29.06,27.75,OFF
2026-08-03 15:01:36,29.12,27.75,OFF
2026-08-03 15:01:37,29.12,27.75,OFF
2026-08-03 15:01:38,29.12,27.75,OFF
2026-08-03 15:01:39,29.12,27.75,OFF
2026-08-03 15:01:40,29.12,27.75,OFF
2026-08-03 15:01:41,29.12,27.75,OFF
2026-08-03 15:01:42,29.12,27.75,OFF
2026-08-03 15:01:43,29.06,27.75,OFF
2026-08-03 15:01:44,29.06,27.75,OFF
2026-08-03 15:01:46,29.12,27.69,OFF
2026-08-03 15:01:47,29.12,27.75,OFF
2026-08-03 15:01:48,29.12,27.75,OFF
2026-08-03 15:01:49,29.12,27.69,OFF
2026-08-03 15:01:50,29.06,27.69,OFF
2026-08-03 15:01:51,29.12,27.75,OFF
2026-08-03 15:01:52,29.12,27.75,OFF
2026-08-03 15:01:53,29.12,27.75,OFF
2026-08-03 15:01:54,29.12,27.75,OFF
2026-08-03 15:01:55,29.12,27.75,OFF
2026-08-03 15:01:56,29.12,27.69,OFF
2026-08-03 15:01:57,29.12,27.69,OFF
2026-08-03 15:01:58,29.12,27.69,OFF
2026-08-03 15:01:59,29.12,27.69,OFF
2026-08-03 15:02:01,29.12,27.69,OFF
2026-08-03 15:02:02,29.12,27.69,OFF
2026-08-03 15:02:03,29.12,27.69,OFF
2026-08-03 15:02:04,29.12,27.75,OFF
2026-08-03 15:02:05,29.06,27.69,OFF
2026-08-03 15:02:06,29.12,27.69,OFF
2026-08-03 15:02:07,29.12,27.75,OFF
2026-08-03 15:02:08,29.12,27.69,OFF
2026-08-03 15:02:09,29.12,27.75,OFF
2026-08-03 15:02:10,29.12,27.75,OFF
2026-08-03 15:02:11,29.12,27.69,OFF
2026-08-03 15:02:12,29.12,27.69,OFF
2026-08-03 15:02:13,29.12,27.69,OFF
2026-08-03 15:02:14,29.12,27.69,OFF
2026-08-03 15:02:16,29.12,27.69,OFF
2026-08-03 15:02:17,29.12,27.69,OFF
2026-08-03 15:02:18,29.12,27.69,OFF
2026-08-03 15:03:45,29.19,27.75,OFF
2026-08-03 15:03:46,29.12,27.75,OFF
2026-08-03 15:03:47,29.12,27.75,OFF
2026-08-03 15:03:48,29.19,27.75,OFF
2026-08-03 15:03:49,29.12,27.75,OFF
2026-08-03 15:03:50,29.19,27.75,OFF
2026-08-03 15:03:51,29.19,27.75,OFF
2026-08-03 15:03:52,29.19,27.75,OFF
2026-08-03 15:03:53,29.19,27.87,OFF
2026-08-03 15:03:54,29.12,28.50,OFF
2026-08-03 15:03:55,29.19,29.25,OFF
2026-08-03 15:03:56,29.19,29.94,OFF
2026-08-03 15:03:57,29.19,30.56,OFF
2026-08-03 15:03:58,29.12,31.19,OFF
2026-08-03 15:04:00,29.19,31.75,OFF
2026-08-03 15:04:01,29.19,32.25,OFF
2026-08-03 15:04:02,29.19,32.69,OFF
2026-08-03 15:04:03,29.12,33.06,OFF
2026-08-03 15:04:04,29.12,33.50,OFF
2026-08-03 15:04:05,29.12,33.81,OFF
2026-08-03 15:04:06,29.06,34.13,OFF
2026-08-03 15:04:07,29.06,34.44,OFF
2026-08-03 15:04:08,29.00,34.69,OFF
2026-08-03 15:04:09,29.00,35.00,OFF
2026-08-03 15:04:10,29.00,35.19,OFF
2026-08-03 15:04:11,28.94,35.38,OFF
2026-08-03 15:04:12,28.94,35.63,OFF
2026-08-03 15:04:13,28.87,35.88,OFF
2026-08-03 15:04:15,28.87,36.06,OFF
2026-08-03 15:04:16,28.87,36.19,OFF
2026-08-03 15:04:17,28.81,36.44,OFF
2026-08-03 15:04:18,28.81,36.56,OFF
2026-08-03 15:04:19,28.81,36.63,OFF
2026-08-03 15:04:20,28.75,36.75,ON
2026-08-03 15:04:22,28.75,37.06,ON
2026-08-03 15:04:24,28.69,37.31,ON
2026-08-03 15:04:26,28.62,37.50,ON
2026-08-03 15:04:28,28.62,37.69,ON
2026-08-03 15:04:31,28.56,37.81,ON
2026-08-03 15:04:33,28.56,37.94,ON
2026-08-03 15:04:35,28.50,38.06,ON
2026-08-03 15:04:37,28.44,38.19,ON
2026-08-03 15:04:39,28.44,38.31,ON
2026-08-03 15:04:41,28.37,38.19,ON
2026-08-03 15:04:43,28.37,37.88,ON
2026-08-03 15:04:46,28.37,37.44,ON
2026-08-03 15:04:48,28.31,37.00,ON
2026-08-03 15:04:50,28.31,36.50,ON
2026-08-03 15:04:52,28.25,36.00,ON
2026-08-03 15:04:54,28.25,35.50,ON
2026-08-03 15:04:56,28.25,35.06,ON
2026-08-03 15:04:58,28.19,34.69,OFF
2026-08-03 15:05:00,28.19,34.56,OFF
2026-08-03 15:05:01,28.19,34.38,OFF
2026-08-03 15:05:02,28.12,34.25,OFF
2026-08-03 15:05:03,28.19,34.13,OFF
2026-08-03 15:05:04,28.12,34.00,OFF
2026-08-03 15:05:05,28.12,33.88,OFF
2026-08-03 15:05:06,28.12,33.75,OFF
2026-08-03 15:08:10,27.19,28.44,OFF
2026-08-03 15:08:11,27.19,28.44,OFF
2026-08-03 15:08:12,27.19,28.37,OFF
2026-08-03 15:08:14,27.19,28.37,OFF
2026-08-03 15:08:15,27.19,28.37,OFF
2026-08-03 15:08:16,27.19,28.37,OFF
2026-08-03 15:08:17,27.19,28.37,OFF
2026-08-03 15:08:18,27.19,28.31,OFF
2026-08-03 15:08:19,27.19,28.37,OFF
2026-08-03 15:08:20,27.19,28.31,OFF
2026-08-03 15:08:21,27.12,28.56,OFF
2026-08-03 15:08:22,27.19,29.12,OFF
2026-08-03 15:08:23,27.19,29.75,OFF
2026-08-03 15:08:24,27.12,30.37,OFF
2026-08-03 15:08:25,27.19,30.87,OFF
2026-08-03 15:08:26,27.12,31.37,OFF
2026-08-03 15:08:28,27.12,31.81,OFF
2026-08-03 15:08:29,27.12,32.25,OFF
2026-08-03 15:08:30,27.12,32.63,OFF
2026-08-03 15:08:31,27.12,32.94,OFF
2026-08-03 15:08:32,27.12,33.25,OFF
2026-08-03 15:08:33,27.12,33.56,OFF
2026-08-03 15:08:34,27.12,33.81,OFF
2026-08-03 15:08:35,27.12,34.06,OFF
2026-08-03 15:08:36,27.12,34.31,OFF
2026-08-03 15:08:37,27.12,34.56,OFF
2026-08-03 15:08:38,27.12,34.75,OFF
2026-08-03 15:08:39,27.06,35.00,ON
2026-08-03 15:08:43,27.12,35.50,ON
2026-08-03 15:08:45,27.06,35.81,ON
2026-08-03 15:08:47,27.12,36.06,ON
2026-08-03 15:08:49,27.06,36.25,ON
2026-08-03 15:08:51,27.06,36.50,ON
2026-08-03 15:08:54,27.06,36.69,ON
2026-08-03 15:08:56,27.06,36.81,ON
2026-08-03 15:08:59,27.06,36.94,ON
2026-08-03 15:09:01,27.06,37.13,ON
2026-08-03 15:09:03,27.00,37.19,ON
2026-08-03 15:09:05,27.00,37.25,ON
2026-08-03 15:09:07,27.06,37.31,OFF
2026-08-03 15:09:08,27.00,37.38,ON
2026-08-03 15:09:10,27.00,37.44,OFF
2026-08-03 15:09:11,27.00,37.44,OFF
2026-08-03 15:09:13,27.00,37.50,OFF
2026-08-03 15:09:14,27.00,37.56,OFF
2026-08-03 15:09:15,27.00,37.50,OFF
2026-08-03 15:09:16,27.00,37.56,OFF
2026-08-03 15:09:17,27.00,37.56,ON
2026-08-03 15:09:19,27.00,37.63,OFF
2026-08-03 15:09:20,27.00,37.63,OFF
2026-08-03 15:09:21,27.00,37.63,OFF
2026-08-03 15:09:22,27.00,37.69,OFF
2026-08-03 15:09:23,27.00,37.69,OFF
2026-08-03 15:12:47,26.62,37.31,OFF
2026-08-03 15:12:48,26.62,37.31,OFF
2026-08-03 15:12:49,26.62,37.31,OFF
2026-08-03 15:12:50,26.62,37.25,OFF
2026-08-03 15:12:51,26.62,37.25,OFF
2026-08-03 15:12:52,26.62,37.25,OFF
2026-08-03 15:12:53,26.62,37.25,OFF
2026-08-03 15:12:54,26.62,37.25,ON
2026-08-03 15:12:57,26.62,37.25,ON
2026-08-03 15:12:59,26.62,37.25,ON
2026-08-03 15:13:01,26.62,37.25,ON
2026-08-03 15:13:03,26.62,37.25,ON
2026-08-03 15:13:05,26.69,37.25,ON
2026-08-03 15:13:08,26.62,37.19,ON
2026-08-03 15:13:10,26.69,37.25,ON
2026-08-03 15:13:13,26.69,37.19,ON
2026-08-03 15:13:15,26.69,37.19,OFF
2026-08-03 15:13:16,26.69,37.19,OFF
2026-08-03 15:13:17,26.69,37.19,OFF
2026-08-03 15:13:18,26.69,37.19,OFF
2026-08-03 15:13:19,26.69,37.19,ON
2026-08-03 15:13:21,26.69,37.19,OFF
2026-08-03 15:13:22,26.69,37.19,OFF
2026-08-03 15:13:23,26.69,37.19,OFF
2026-08-03 15:13:24,26.69,37.19,OFF
2026-08-03 15:13:25,26.69,37.19,OFF
2026-08-03 15:13:27,26.69,37.19,OFF
2026-08-03 15:15:17,28.00,36.81,OFF
2026-08-03 15:15:18,28.00,36.81,OFF
2026-08-03 15:15:19,28.00,36.81,OFF
2026-08-03 15:15:20,28.00,36.81,OFF
2026-08-03 15:15:21,28.00,36.81,OFF
2026-08-03 15:15:22,28.00,36.75,OFF
2026-08-03 15:15:23,28.06,36.75,OFF
2026-08-03 15:15:24,28.06,36.75,OFF
2026-08-03 15:15:26,28.00,36.75,ON
2026-08-03 15:15:27,28.06,36.75,ON
2026-08-03 15:15:28,28.06,36.75,ON
2026-08-03 15:15:29,28.06,36.75,ON
2026-08-03 15:15:30,28.12,36.75,ON
2026-08-03 15:15:31,28.12,36.75,ON
2026-08-03 15:15:32,28.12,36.75,ON
2026-08-03 15:15:33,28.12,36.75,ON
2026-08-03 15:15:34,28.12,36.75,ON
2026-08-03 15:15:35,28.12,36.69,ON
2026-08-03 15:15:36,28.19,36.75,ON
2026-08-03 15:15:37,28.12,36.75,ON
2026-08-03 15:15:38,28.19,36.69,ON
2026-08-03 15:15:39,28.19,36.69,ON
2026-08-03 15:15:41,28.19,36.69,ON
2026-08-03 15:15:42,28.19,36.69,ON
2026-08-03 15:15:43,28.25,36.75,ON
2026-08-03 15:15:44,28.19,36.75,ON
2026-08-03 15:15:45,28.19,36.69,ON
2026-08-03 15:15:46,28.25,36.69,ON
2026-08-03 15:15:47,28.25,36.69,ON
2026-08-03 15:15:48,28.25,36.69,ON
2026-08-03 15:15:49,28.25,36.63,ON
2026-08-03 15:15:50,28.25,36.56,ON
2026-08-03 15:15:51,28.31,36.50,ON
2026-08-03 15:15:52,28.31,36.31,ON
2026-08-03 15:15:53,28.25,36.13,ON
2026-08-03 15:15:54,28.31,35.88,ON
2026-08-03 15:15:56,28.31,35.56,ON
2026-08-03 15:15:57,28.31,35.25,ON
2026-08-03 15:15:58,28.31,34.94,ON
2026-08-03 15:15:59,28.31,34.63,ON
2026-08-03 15:16:00,28.31,34.44,ON
2026-08-03 15:16:01,28.31,34.19,ON
2026-08-03 15:16:03,28.31,33.75,OFF
2026-08-03 15:16:04,28.25,33.56,OFF
2026-08-03 15:16:05,28.25,33.44,OFF
2026-08-03 15:16:06,28.25,33.31,OFF
2026-08-03 15:16:07,28.25,33.19,OFF
2026-08-03 15:16:08,28.25,33.00,OFF
2026-08-03 15:16:09,28.25,32.88,OFF
2026-08-03 15:16:11,28.25,32.81,OFF
2026-08-03 15:16:12,28.25,32.69,OFF
2026-08-03 15:16:13,28.25,32.63,OFF
2026-08-03 15:16:14,28.25,32.50,OFF
2026-08-03 15:16:15,28.31,32.44,OFF
2026-08-03 15:16:16,28.25,32.38,OFF
2026-08-03 15:16:17,28.25,32.31,OFF
2026-08-03 15:16:18,28.31,32.25,OFF
2026-08-03 15:16:19,28.31,32.25,OFF
2026-08-03 15:16:20,28.31,32.13,OFF
2026-08-03 15:16:21,28.31,32.13,OFF
2026-08-03 15:16:22,28.31,32.06,OFF
2026-08-03 15:16:23,28.31,32.06,OFF
2026-08-03 15:16:25,28.31,32.00,OFF
2026-08-03 15:16:26,28.37,31.94,OFF
2026-08-03 15:16:27,28.37,31.94,OFF
2026-08-03 15:16:28,28.37,31.94,OFF
2026-08-03 15:16:29,28.37,31.87,OFF
2026-08-03 15:16:30,28.37,31.87,OFF
2026-08-03 15:16:31,28.37,31.81,OFF
2026-08-03 15:16:32,28.44,31.81,OFF
2026-08-03 15:16:33,28.37,31.75,OFF
2026-08-03 15:16:34,28.44,31.75,OFF
2026-08-03 15:16:35,28.44,31.69,OFF
2026-08-03 15:16:36,28.44,31.69,OFF
2026-08-03 15:16:37,28.44,31.62,OFF
2026-08-03 15:16:38,28.44,31.62,OFF
2026-08-03 15:16:40,28.44,31.62,OFF
2026-08-03 15:16:41,28.44,31.56,OFF
2026-08-03 15:16:42,28.44,31.56,OFF
2026-08-03 15:16:43,28.50,31.50,OFF
2026-08-03 15:16:44,28.50,31.50,OFF
2026-08-03 15:16:45,28.50,31.44,OFF
2026-08-03 15:16:46,28.50,31.50,OFF
2026-08-03 15:16:47,28.50,31.81,OFF
2026-08-03 15:16:48,28.50,32.13,OFF
2026-08-03 15:16:49,28.50,32.44,OFF
2026-08-03 15:16:50,28.50,32.69,OFF
2026-08-03 15:16:51,28.56,33.00,OFF
2026-08-03 15:16:52,28.56,33.19,OFF
2026-08-03 15:16:53,28.56,33.38,OFF
2026-08-03 15:16:55,28.56,33.63,OFF
2026-08-03 15:16:56,28.56,33.75,OFF
2026-08-03 15:16:57,28.56,33.88,OFF
2026-08-03 15:16:58,28.56,34.06,OFF
2026-08-03 15:16:59,28.56,34.19,OFF
2026-08-03 15:17:00,28.56,34.31,OFF
2026-08-03 15:17:01,28.56,34.44,OFF
2026-08-03 15:17:02,28.62,34.56,OFF
2026-08-03 15:17:03,28.56,34.69,OFF
2026-08-03 15:17:04,28.62,34.81,OFF
2026-08-03 15:17:05,28.62,34.88,OFF
2026-08-03 15:17:06,28.62,34.94,OFF
2026-08-03 15:17:07,28.62,35.06,ON
2026-08-03 15:17:10,28.62,35.19,ON
2026-08-03 15:17:12,28.62,35.31,ON
2026-08-03 15:17:14,28.62,35.44,ON
2026-08-03 15:17:16,28.69,35.50,ON
2026-08-03 15:17:18,28.62,35.63,ON
2026-08-03 15:17:20,28.69,35.69,ON
2026-08-03 15:17:22,28.69,35.75,ON
2026-08-03 15:17:25,28.69,35.81,ON
2026-08-03 15:17:27,28.75,35.88,ON
2026-08-03 15:17:29,28.69,35.94,ON
2026-08-03 15:17:32,28.69,36.00,ON
2026-08-03 15:17:34,28.75,36.00,ON
2026-08-03 15:17:36,28.75,36.06,ON
2026-08-03 15:17:40,28.75,36.06,ON
2026-08-03 15:17:42,28.75,35.75,ON
2026-08-03 15:17:45,28.75,35.19,ON
2026-08-03 15:17:47,28.75,34.75,OFF
2026-08-03 15:17:48,28.75,34.56,OFF
2026-08-03 15:17:49,28.75,34.44,OFF
2026-08-03 15:17:50,28.75,34.25,OFF
2026-08-03 15:17:51,28.81,34.13,OFF
2026-08-03 15:17:52,28.81,34.00,OFF
2026-08-03 15:17:53,28.81,33.81,OFF
2026-08-03 15:18:08,28.81,32.25,OFF
2026-08-03 15:18:10,28.87,32.13,OFF
2026-08-03 15:18:11,28.87,32.00,OFF
2026-08-03 15:18:12,28.87,32.00,OFF
2026-08-03 15:18:13,28.87,31.87,OFF
2026-08-03 15:18:14,28.87,31.81,OFF
2026-08-03 15:18:15,28.87,31.69,OFF
2026-08-03 15:18:16,28.87,31.81,OFF
2026-08-03 15:18:17,28.87,32.13,OFF
2026-08-03 15:18:18,28.87,32.50,OFF
2026-08-03 15:18:19,28.87,32.75,OFF
2026-08-03 15:18:20,28.87,33.00,OFF
2026-08-03 15:18:21,28.87,33.25,OFF
2026-08-03 15:18:22,28.87,33.50,OFF
2026-08-03 15:18:23,28.87,33.69,OFF
2026-08-03 15:18:25,28.94,33.81,OFF
2026-08-03 15:18:26,28.94,34.00,OFF
2026-08-03 15:18:27,28.94,34.19,OFF
2026-08-03 15:18:28,28.87,34.31,OFF
2026-08-03 15:18:29,28.94,34.44,OFF
2026-08-03 15:18:30,28.87,34.50,OFF
2026-08-03 15:18:31,28.94,34.63,OFF
2026-08-03 15:18:32,28.94,34.75,OFF
2026-08-03 15:18:33,28.94,34.81,OFF
2026-08-03 15:18:34,28.94,34.94,OFF
2026-08-03 15:18:35,28.94,35.00,ON
2026-08-03 15:18:36,28.94,35.06,ON
2026-08-03 15:18:37,28.94,35.13,ON
2026-08-03 15:18:38,28.94,35.19,ON
2026-08-03 15:18:40,28.94,35.25,ON
2026-08-03 15:18:41,28.94,35.31,ON
2026-08-03 15:18:42,28.94,35.38,ON
2026-08-03 15:18:43,28.94,35.44,ON
2026-08-03 15:18:44,28.94,35.50,ON
2026-08-03 15:18:45,28.94,35.50,ON
2026-08-03 15:18:46,28.94,35.56,ON
2026-08-03 15:18:47,28.94,35.56,ON
2026-08-03 15:18:48,29.00,35.63,ON
2026-08-03 15:18:49,29.00,35.69,ON
2026-08-03 15:18:50,29.00,35.69,ON
2026-08-03 15:18:51,29.00,35.69,ON
2026-08-03 15:18:52,29.00,35.75,ON
2026-08-03 15:18:53,29.00,35.75,ON
2026-08-03 15:18:55,29.00,35.81,ON
2026-08-03 15:18:56,29.00,35.81,ON
2026-08-03 15:18:57,29.00,35.88,ON
2026-08-03 15:18:58,29.00,35.88,ON
2026-08-03 15:18:59,29.00,35.88,ON
2026-08-03 15:19:00,29.00,35.94,ON
2026-08-03 15:19:01,29.06,35.94,ON
2026-08-03 15:19:02,29.00,35.94,ON
2026-08-03 15:19:03,29.00,35.94,ON
2026-08-03 15:19:04,29.00,35.94,OFF
2026-08-03 15:19:05,29.00,36.00,OFF
2026-08-03 15:19:06,29.00,36.00,OFF
2026-08-03 15:19:07,29.00,36.00,OFF
2026-08-03 15:19:08,29.00,36.00,OFF
2026-08-03 15:19:10,29.00,36.00,OFF
2026-08-03 15:19:11,29.00,36.00,OFF
2026-08-03 15:19:12,29.00,35.94,OFF
2026-08-03 15:19:13,29.00,35.88,OFF
2026-08-03 15:19:14,29.00,35.75,OFF
2026-08-03 15:19:15,29.00,35.63,OFF
2026-08-03 15:19:16,29.00,35.50,OFF
2026-08-03 15:19:17,29.00,35.38,OFF
2026-08-03 15:19:18,29.06,35.19,OFF
2026-08-03 15:19:19,29.00,35.13,OFF
2026-08-03 15:19:20,29.06,35.00,OFF
2026-08-03 15:19:21,29.06,34.81,OFF
2026-08-03 15:19:22,29.00,34.69,OFF
2026-08-03 15:19:24,29.06,34.63,OFF
2026-08-03 15:19:25,29.00,34.50,OFF
2026-08-03 15:19:26,29.06,34.38,OFF
2026-08-03 15:19:27,29.06,34.31,OFF
2026-08-03 15:19:28,29.06,34.19,OFF
2026-08-03 15:19:29,29.06,34.06,OFF
2026-08-03 15:19:30,29.06,34.00,OFF
2026-08-03 15:19:31,29.06,33.88,OFF
2026-08-03 15:19:32,29.06,33.81,OFF
2026-08-03 15:19:33,29.06,33.69,OFF
2026-08-03 15:19:34,29.06,33.56,OFF
2026-08-03 15:19:35,29.06,33.50,OFF
2026-08-03 15:19:36,29.06,33.38,OFF
2026-08-03 15:19:37,29.06,33.31,OFF
2026-08-03 15:19:39,29.06,33.19,OFF
2026-08-03 15:19:40,29.06,33.13,OFF
2026-08-03 15:19:41,29.06,33.00,OFF
2026-08-03 15:19:42,29.12,32.88,OFF
2026-08-03 15:19:43,29.06,32.81,OFF
2026-08-03 15:19:44,29.06,32.75,OFF
2026-08-03 15:19:46,29.06,32.63,OFF
2026-08-03 15:19:46,29.06,32.56,OFF
